{
    "53100052979_0.991700030241244": {
        "condition": [],
        "commands": [
            [
                [
                    20,
                    "索引行动者",
                    "// 当前的事件触发器：trigger: CommandTrigger;\nGameBattle.nextPlayerControl();",
                    "GameBattle.nextPlayerControl();\n",
                    {
                        "___cmdID": "53105116135_0.06550047619897947"
                    }
                ],
                [
                    40012,
                    {
                        "49821564836_0.18023666032094843": 0,
                        "49821564836_0.05613902618903355": 1,
                        "49821564836_0.6578043100778947": 1,
                        "49821564836_0.7286666716958285": 15,
                        "49821564836_0.40792780858788147": 1,
                        "49821586470_0.8966191069628267": false,
                        "49821586470_0.5086891336665356": false
                    },
                    "53105116135_0.4980500560025318"
                ]
            ],
            [],
            [],
            [],
            [],
            [],
            [],
            [],
            [],
            [],
            [],
            []
        ]
    },
    "53100052979_0.13069032937044578": {
        "condition": [],
        "commands": [
            [
                [
                    13,
                    3,
                    15008,
                    0,
                    0,
                    10,
                    1,
                    1,
                    [
                        0,
                        100
                    ],
                    0,
                    -1,
                    [],
                    0,
                    0,
                    0,
                    {
                        "___cmdID": "53105100571_0.31542806926297584"
                    }
                ],
                [
                    40012,
                    {
                        "49821564836_0.18023666032094843": 0,
                        "49821564836_0.05613902618903355": 1,
                        "49821564836_0.6578043100778947": 1,
                        "49821564836_0.7286666716958285": 15,
                        "49821564836_0.40792780858788147": 1,
                        "49821586470_0.8966191069628267": false,
                        "49821586470_0.5086891336665356": false
                    },
                    "53195026771_0.2980591547001066"
                ],
                [
                    16,
                    15009,
                    false,
                    {
                        "___cmdID": "53105100571_0.8038717130348376"
                    }
                ]
            ],
            [],
            [],
            [],
            [],
            [],
            [],
            [],
            [],
            [],
            [],
            []
        ]
    },
    "53100052980_0.05450755122612483": {
        "condition": [],
        "commands": [
            [
                [
                    20,
                    "结束我方可控制人员行动",
                    "// 当前的事件触发器：trigger: CommandTrigger;\nGameBattleController.battleCommand_controlComplete(false);",
                    "GameBattleController.battleCommand_controlComplete(false);\n",
                    {
                        "___cmdID": "53104562659_0.9819641884889767"
                    }
                ],
                [
                    40012,
                    {
                        "49821564836_0.18023666032094843": 0,
                        "49821564836_0.05613902618903355": 1,
                        "49821564836_0.6578043100778947": 1,
                        "49821564836_0.7286666716958285": 15,
                        "49821564836_0.40792780858788147": 1,
                        "49821586470_0.8966191069628267": false,
                        "49821586470_0.5086891336665356": false
                    },
                    "53104562659_0.2538163443379624"
                ]
            ],
            [],
            [],
            [],
            [],
            [],
            [],
            [],
            [],
            [],
            [],
            []
        ]
    },
    "53100052980_0.1592180482249561": {
        "condition": [],
        "commands": [
            [
                [
                    20,
                    "结束我方所有成员行动",
                    "// 当前的事件触发器：trigger: CommandTrigger;\nGameBattleController.battleCommand_controlComplete(true);",
                    "GameBattleController.battleCommand_controlComplete(true);\n",
                    {
                        "___cmdID": "53103868437_0.6647522237631871"
                    }
                ],
                [
                    40012,
                    {
                        "49821564836_0.18023666032094843": 0,
                        "49821564836_0.05613902618903355": 1,
                        "49821564836_0.6578043100778947": 1,
                        "49821564836_0.7286666716958285": 15,
                        "49821564836_0.40792780858788147": 1,
                        "49821586470_0.8966191069628267": false,
                        "49821586470_0.5086891336665356": false
                    },
                    "53103868437_0.457958535275067"
                ]
            ],
            [],
            [],
            [],
            [],
            [],
            [],
            [],
            [],
            [],
            [],
            []
        ]
    },
    "53100052980_0.20710478986852543": {
        "condition": [],
        "commands": [
            [
                [
                    40012,
                    {
                        "49821564836_0.18023666032094843": 0,
                        "49821564836_0.05613902618903355": 1,
                        "49821564836_0.6578043100778947": 1,
                        "49821564836_0.7286666716958285": 15,
                        "49821564836_0.40792780858788147": 1,
                        "49821586470_0.8966191069628267": false,
                        "49821586470_0.5086891336665356": false
                    },
                    "53089056929_0.3787563701092136"
                ]
            ],
            [],
            [],
            [],
            [],
            [],
            [],
            [],
            [],
            [],
            [],
            []
        ]
    },
    "57454250833_0.7349091757212534": {
        "condition": [],
        "commands": [
            [],
            [],
            [],
            [],
            [],
            [],
            [],
            [],
            [],
            [],
            [],
            []
        ]
    },
    "57454349173_0.6661149190938771": {
        "condition": [],
        "commands": [
            [],
            [],
            [],
            [],
            [],
            [],
            [],
            [],
            [],
            [],
            [],
            []
        ]
    },
    "57454360897_0.812110524497129": {
        "condition": [],
        "commands": [
            [],
            [],
            [],
            [],
            [],
            [],
            [],
            [],
            [],
            [],
            [],
            []
        ]
    },
    "57454371462_0.5170322489943957": {
        "condition": [],
        "commands": [
            [],
            [],
            [],
            [],
            [],
            [],
            [],
            [],
            [],
            [],
            [],
            []
        ]
    },
    "57454392069_0.7927225907101849": {
        "condition": [],
        "commands": [
            [],
            [],
            [],
            [],
            [],
            [],
            [],
            [],
            [],
            [],
            [],
            []
        ]
    },